n_noise,expectation_avg
1.0,0.9870365262032162
1.5,0.9803246778250342
2.0,0.9732180148363708
2.5,0.9665061664581888
3.0,0.9570306158066376
